ngram_range,min_df,weight_map,precision,recall,map,n_users,time_sec
1-2,1,"{'caracteristica_1': 2, 'caracteristica_3': 2}",0.06589327146171692,0.6589327146171694,0.18993297241557103,431,1.3995985984802246
1-2,1,"{'caracteristica_1': 3, 'caracteristica_3': 1}",0.06566125290023202,0.6566125290023201,0.1946727801716201,431,1.0603163242340088
